{
"ambientocclusion": false,
"display": {
        "gui": {
            "rotation": [ 30, 225, 0 ],
            "translation": [ 0, 0, 0],
            "scale":[ 0.625, 0.625, 0.625 ]
        },
        "ground": {
            "rotation": [ 0, 0, 0 ],
            "translation": [ 0, 3, 0],
            "scale":[ 0.5, 0.5, 0.5 ]
        },
        "fixed": {
            "rotation": [ 0, 0, 0 ],
            "translation": [ 0, 0, 0],
            "scale":[ 0.5, 0.5, 0.5 ]
        },
        "thirdperson_righthand": {
            "rotation": [ 75, 45, 0 ],
            "translation": [ 0, 2.5, 0],
            "scale": [ 0.375, 0.375, 0.375 ]
        },
        "firstperson_righthand": {
            "rotation": [ 0, 45, 0 ],
            "translation": [ 0, 0, 0 ],
            "scale": [ 0.40, 0.40, 0.40 ]
        },
        "firstperson_lefthand": {
            "rotation": [ 0, 225, 0 ],
            "translation": [ 0, 0, 0 ],
            "scale": [ 0.40, 0.40, 0.40 ]
        }
},
"textures": {
    "particle": "block/dirt",
    "grass": "block/better_grass_2",
    "overlay": "block/grass_block_side_overlay",
    "bottom": "block/dirt",
    "top": "block/grass_block_top",
	"side": "block/grass_block_side"
},
"elements": [ 
{
    "from": [ 0, 0, 0 ],
    "to": [ 16, 16, 16 ],
	"ambientocclusion": true,
	"shade": true,
    "faces": {
        "down":  { "uv": [ 0, 0, 16, 16 ], "texture": "#bottom", "cullface": "down" },
        "up":    { "uv": [ 0, 0, 16, 16 ], "texture": "#top", "tintindex": 0, "cullface": "up" },
        "north": { "uv": [ 0, 0, 16, 16 ], "texture": "#side", "cullface": "north" },
        "south": { "uv": [ 0, 0, 16, 16 ], "texture": "#side", "cullface": "south" },
        "west":  { "uv": [ 0, 0, 16, 16 ], "texture": "#side", "cullface": "west" },
        "east":  { "uv": [ 0, 0, 16, 16 ], "texture": "#side", "cullface": "east" }
    }
},
 {   "from": [ 0, 0, 0 ],
	"to": [ 16, 16, 16 ],
	"ambientocclusion": true,
	"shade": true,
        "faces": {
        "north": { "uv": [ 0, 0, 16, 16 ], "texture": "#overlay", "tintindex": 0, "cullface": "north" },
        "south": { "uv": [ 0, 0, 16, 16 ], "texture": "#overlay", "tintindex": 0, "cullface": "south" },
        "west":  { "uv": [ 0, 0, 16, 16 ], "texture": "#overlay", "tintindex": 0, "cullface": "west" },
        "east":  { "uv": [ 0, 0, 16, 16 ], "texture": "#overlay", "tintindex": 0, "cullface": "east" }
    }
},
{
    "from": [ 0, 16, 4 ],
    "to": [ 16, 32, 4 ],
    "shade": false,
	"ambientocclusion": false,
    "faces": {
        "north": { "uv": [ 0, 0, 16, 16 ], "texture": "#grass", "tintindex": 0, "cullface": "up" },
        "south": { "uv": [ 0, 0, 16, 16 ], "texture": "#grass", "tintindex": 0, "cullface": "up" }
    }
},
{
    "from": [ 0, 16, 12 ],
    "to": [ 16, 32, 12 ],
    "shade": false,
	"ambientocclusion": false,
    "faces": {
        "north": { "uv": [ 0, 0, 16, 16 ], "texture": "#grass", "tintindex": 0, "cullface": "up" },
        "south": { "uv": [ 0, 0, 16, 16 ], "texture": "#grass", "tintindex": 0, "cullface": "up" }
    }
},
{
    "from": [ 12, 16, 0 ],
    "to": [ 12, 32, 16 ],
    "shade": false,
	"ambientocclusion": false,
    "faces": {
        "west":  { "uv": [ 0, 0, 16, 16 ], "texture": "#grass", "tintindex": 0, "cullface": "up" },
        "east":  { "uv": [ 0, 0, 16, 16 ], "texture": "#grass", "tintindex": 0, "cullface": "up" }
    }
},
{
    "from": [ 4, 16, 0 ],
    "to": [ 4, 32, 16 ],
    "shade": false,
	"ambientocclusion": false,
    "faces": {
        "west":  { "uv": [ 0, 0, 16, 16 ], "texture": "#grass", "tintindex": 0, "cullface": "up" },
        "east":  { "uv": [ 0, 0, 16, 16 ], "texture": "#grass", "tintindex": 0, "cullface": "up" }
    }
}
]
}