{
    "ambientocclusion": false,
    "textures": {
        "particle": "block/lily_pad",
        "texture": "block/lily_pad",
		"root": "foliage_addon/lily_pad_root"
    },
    "elements": [
        {   "from": [ 0, 0.25, 0 ],
            "to": [ 16, 0.25, 16 ],
            "faces": {
                "down":  { "uv": [ 16, 16, 0,  0 ], "texture": "#texture", "tintindex": 0 },
                "up":    { "uv": [ 16,  0, 0, 16 ], "texture": "#texture", "tintindex": 0 }
            }
        },
		{
            "name": "Roots",
            "from": [ 0, -16, 8 ], 
            "to": [ 16, 0, 8 ], 
            "shade": false,
            "rotation": { "origin": [ 8, 8, 8 ], "axis": "y", "angle": 45.0, "rescale": true },
            "faces": {
                "north": { "texture": "#root", "uv": [ 0, 0, 16, 16 ] },
                "south": { "texture": "#root", "uv": [ 0, 0, 16, 16 ] }
            }
        },
        {
            "name": "Roots",
            "from": [ 0, -16, 8 ], 
            "to": [ 16, 0, 8 ], 
            "shade": false,
            "rotation": { "origin": [ 8, 8, 8 ], "axis": "y", "angle": -45.0, "rescale": true },
            "faces": {
                "north": { "texture": "#root", "uv": [ 0, 0, 16, 16 ] },
                "south": { "texture": "#root", "uv": [ 0, 0, 16, 16 ] }
            }
        }
    ]
}
