{
    "variants": {
        "": [
		{ "model": "block/lily_pad", "weight": 2},
		{ "model": "block/lily_pad", "y": 90, "weight": 2},
		{ "model": "block/lily_pad", "y": 180, "weight": 2},
		{ "model": "block/lily_pad", "y": 270, "weight": 2},
		{ "model": "block/lily_pad_pink"},
		{ "model": "block/lily_pad_pink", "y": 90},
		{ "model": "block/lily_pad_pink", "y": 180},
		{ "model": "block/lily_pad_pink", "y": 270},
		{ "model": "block/lily_pad_white"},
		{ "model": "block/lily_pad_white", "y": 90},
		{ "model": "block/lily_pad_white", "y": 180},
		{ "model": "block/lily_pad_white", "y": 270},
		{ "model": "block/lily_pad_roots", "weight": 2},
		{ "model": "block/lily_pad_roots", "y": 90, "weight": 2},
		{ "model": "block/lily_pad_roots", "y": 180, "weight": 2},
		{ "model": "block/lily_pad_roots", "y": 270, "weight": 2},
		{ "model": "block/lily_pad_pink_roots"},
		{ "model": "block/lily_pad_pink_roots", "y": 90},
		{ "model": "block/lily_pad_pink_roots", "y": 180},
		{ "model": "block/lily_pad_pink_roots", "y": 270},
		{ "model": "block/lily_pad_white_roots"},
		{ "model": "block/lily_pad_white_roots", "y": 90},
		{ "model": "block/lily_pad_white_roots", "y": 180},
		{ "model": "block/lily_pad_white_roots", "y": 270}
		]
    }
}
